{
  "version": "1.0.1",
  "created": "2026-01-08T15:40:11.491Z",
  "description": "Pipeline tuning run (6150 games)",
  "source": {
    "method": "evolutionary",
    "games": 6150,
    "seed": 1767880665856
  },
  "evaluation": {
    "life": 0.3936090353992087,
    "board": 0.3241069848575088,
    "cards": 0.1226561491072645,
    "mana": 0.09788592446376751,
    "tempo": 0.061741906172250595
  },
  "coefficients": {
    "life": 2.2,
    "board": 5.1,
    "cards": 0.09,
    "mana": 1.2,
    "stack": 8
  },
  "mcts": {
    "explorationConstant": 0.7,
    "rolloutDepth": 15,
    "rolloutPolicy": "random",
    "epsilon": 0.1
  },
  "performance": {
    "vsRandom": 1,
    "vsGreedy": 0.8,
    "elo": 1670,
    "gamesPlayed": 10505
  }
}